<ImportExportXml xmlns:xsi="http://www.w3.org/2001/XMLSchema-instance" OrganizationVersion="9.2.25032.196" OrganizationSchemaType="Standard" CRMServerServiceabilityVersion="9.2.25032.00196">
  <Entities></Entities>
  <Roles></Roles>
  <Workflows>
    <Workflow WorkflowId="{61936e6b-9487-ef11-ac21-6045bdfbf8de}" Name="Test Calculate Working Day 2024 10 11">
      <JsonFileName>/Workflows/TestCalculateWorkingDay20241011-61936E6B-9487-EF11-AC21-6045BDFBF8DE.json</JsonFileName>
      <Type>1</Type>
      <Subprocess>0</Subprocess>
      <Category>5</Category>
      <Mode>0</Mode>
      <Scope>4</Scope>
      <OnDemand>0</OnDemand>
      <TriggerOnCreate>0</TriggerOnCreate>
      <TriggerOnDelete>0</TriggerOnDelete>
      <AsyncAutodelete>0</AsyncAutodelete>
      <SyncWorkflowLogOnFailure>0</SyncWorkflowLogOnFailure>
      <StateCode>1</StateCode>
      <StatusCode>2</StatusCode>
      <RunAs>1</RunAs>
      <IsTransacted>1</IsTransacted>
      <IntroducedVersion>1.0.0.0</IntroducedVersion>
      <IsCustomizable>1</IsCustomizable>
      <BusinessProcessType>0</BusinessProcessType>
      <IsCustomProcessingStepAllowedForOtherPublishers>1</IsCustomProcessingStepAllowedForOtherPublishers>
      <PrimaryEntity>none</PrimaryEntity>
      <LocalizedNames>
        <LocalizedName languagecode="1033" description="Test Calculate Working Day 2024 10 11" />
      </LocalizedNames>
    </Workflow>
  </Workflows>
  <FieldSecurityProfiles></FieldSecurityProfiles>
  <Templates />
  <EntityMaps />
  <EntityRelationships />
  <OrganizationSettings />
  <optionsets />
  <CustomControls />
  <EntityDataProviders />
  <Connectors>
    <Connector>
      <connectorid>89afd14b-32ca-4f20-a957-7c3280883e08</connectorid>
      <description>The Calculate Working Day API is a tool for developers to easily compute a valid working day, accommodating a range of requirements from basic to complex scenarios.</description>
      <displayname>Calculate Working Day</displayname>
      <iconbrandcolor>#dddddd</iconbrandcolor>
      <name>mightora_calculate-20working-20day</name>
      <connectortype>1</connectortype>
      <openapidefinition>/Connector/mightora_calculate-20working-20day_openapidefinition.json</openapidefinition>
      <connectionparameters>/Connector/mightora_calculate-20working-20day_connectionparameters.json</connectionparameters>
      <policytemplateinstances>/Connector/mightora_calculate-20working-20day_policytemplateinstances.json</policytemplateinstances>
      <iconblob>/Connector/mightora_calculate-20working-20day_iconblob.Png</iconblob>
    </Connector>
  </Connectors>
  <connectionreferences>
    <connectionreference connectionreferencelogicalname="mightora_sharedcalculate20working20day5fe07b0f04a8b0d4c35f8d99aea54e2a1a3_a3eba">
      <connectionreferencedisplayname>Calculate Working Day CalculateWorkingDayUpdate20241011-a3eba</connectionreferencedisplayname>
      <connectorid>/providers/Microsoft.PowerApps/apis/shared_calculate-20working-20day-5fe07b0f04a8b0d4c3-5f8d99aea54e2a1a34</connectorid>
      <customconnectorid>
        <connectorid>89afd14b-32ca-4f20-a957-7c3280883e08</connectorid>
      </customconnectorid>
      <iscustomizable>1</iscustomizable>
      <statecode>0</statecode>
      <statuscode>1</statuscode>
    </connectionreference>
  </connectionreferences>
  <Languages>
    <Language>1033</Language>
    <Language>3082</Language>
  </Languages>
</ImportExportXml>