<ImportExportXml xmlns:xsi="http://www.w3.org/2001/XMLSchema-instance" OrganizationVersion="9.2.25032.196" OrganizationSchemaType="Standard" CRMServerServiceabilityVersion="9.2.25032.00196">
  <Entities></Entities>
  <Roles></Roles>
  <Workflows></Workflows>
  <FieldSecurityProfiles></FieldSecurityProfiles>
  <Templates />
  <EntityMaps />
  <EntityRelationships />
  <OrganizationSettings />
  <optionsets />
  <CustomControls />
  <EntityDataProviders />
  <Connectors>
    <Connector>
      <connectorid>89afd14b-32ca-4f20-a957-7c3280883e08</connectorid>
      <description>The Calculate Working Day API is a tool for developers to easily compute a valid working day, accommodating a range of requirements from basic to complex scenarios.</description>
      <displayname>Calculate Working Day</displayname>
      <iconbrandcolor>#dddddd</iconbrandcolor>
      <name>mightora_calculate-20working-20day</name>
      <connectortype>1</connectortype>
      <openapidefinition>/Connector/mightora_calculate-20working-20day_openapidefinition.json</openapidefinition>
      <connectionparameters>/Connector/mightora_calculate-20working-20day_connectionparameters.json</connectionparameters>
      <policytemplateinstances>/Connector/mightora_calculate-20working-20day_policytemplateinstances.json</policytemplateinstances>
      <iconblob>/Connector/mightora_calculate-20working-20day_iconblob.Png</iconblob>
    </Connector>
  </Connectors>
  <Languages>
    <Language>1033</Language>
    <Language>3082</Language>
  </Languages>
</ImportExportXml>